{
  "a": 0.913907,
  "b": 0.14619
}